Country,Title,"Date Aded"
,"A Perfect Day For Arsenide","March 1, 2021"
,"Ajaibnya Cinta","April 14, 2021"
,"Alien TV","March 19, 2021"
,"Angelina Ballerina","May 1, 2021"
,"Bakugan: Geogan Rising","April 16, 2021"
,"Bangkok Breaking","September 23, 2021"
,"Barney and Friends","May 1, 2021"
,"Beyond Evil","June 15, 2021"
,"Big Timber","July 2, 2021"
,"Brave Animated Series","September 1, 2021"
,"Bread Barbershop","August 28, 2021"
,"Car Masters: Rust to Riches","August 4, 2021"
,"Cat People","July 7, 2021"
,Centaurworld,"July 30, 2021"
,"Charite at War","June 19, 2021"
,"Chicago Party Aunt","September 17, 2021"
,Clickbait,"August 25, 2021"
,"Comedy Premium League","August 20, 2021"
,"Countdown: Inspiration4 Mission to Space","September 6, 2021"
,"Crime Stories: India Detectives","September 22, 2021"
,"Dancing Angels","April 15, 2021"
,"Darwin?s Game","August 1, 2021"
,"Deadly Sins","August 27, 2021"
,"Don't be the First one","April 11, 2021"
,Eden,"May 27, 2021"
,"Elite Short Stories: Carla Samuel","June 17, 2021"
,"Elite Short Stories: Guzman Caye Rebe","June 14, 2021"
,"Elite Short Stories: Nadia Guzman","June 15, 2021"
,"Elite Short Stories: Omar Ander Alexis","June 16, 2021"
,"Elize Matsunaga: Once Upon a Crime","July 8, 2021"
,"Everything Will Be Fine","August 20, 2021"
,"Feels Like Ishq","July 23, 2021"
,"Friday Night Lights","August 1, 2021"
,"Gameboys Level-Up Edition","June 19, 2021"
,Ganglands,"September 24, 2021"
,"Generation 56k","July 1, 2021"
,"Glimpses of a Future","April 1, 2021"
,"Godzilla Singular Point","June 24, 2021"
,"Guru Aur Bhole","June 8, 2021"
,"Headspace Guide to Sleep","April 28, 2021"
,Heist,"July 14, 2021"
,"High on the Hog: How African American Cuisine Transformed America","May 26, 2021"
,"Hometown Cha-Cha-Cha","August 29, 2021"
,"Hotel Del Luna","September 2, 2021"
,"How to Be a Cowboy","September 1, 2021"
,"How to Become a Tyrant","July 9, 2021"
,"HQ Barbers","September 1, 2021"
,"Human: The World Within","June 4, 2021"
,"I Heart Arlo","August 27, 2021"
,"I Need Romance","August 10, 2021"
,Jaguar,"September 22, 2021"
,"Jailbirds New Orleans","September 24, 2021"
,Jiva!,"June 24, 2021"
,"John of God: The Crimes of a Spiritual Healer","August 25, 2021"
,Khawatir,"July 30, 2021"
,"Korean Cold Noodle Rhapsody","August 20, 2021"
,"Korean Pork Belly Rhapsody","January 4, 2021"
,"Last Chance U: Basketball","March 10, 2021"
,"Legend of Exorcism","June 30, 2021"
,"Let's Eat","June 16, 2021"
,"Luv Kushh","September 2, 2021"
,"Mad for Each Other","May 24, 2021"
,"Marriage or Mortgage","March 10, 2021"
,"Masameer County","July 1, 2021"
,"Masters of the Universe: Revelation","July 23, 2021"
,"Metal Shop Masters","September 10, 2021"
,"Midnight Mass","September 24, 2021"
,"Mighty Raju","September 9, 2021"
,"Miniforce: Super Dino Power","May 1, 2021"
,"Money Heist: From Tokyo to Berlin","September 3, 2021"
,"Monsters Inside: The 24 Faces of Billy Milligan","September 22, 2021"
,"Motel Makeover","August 25, 2021"
,"My Unorthodox Life","July 14, 2021"
,"Myth & Mogul: John DeLorean","July 30, 2021"
,"Naomi Osaka","July 16, 2021"
,"Nevertheless,","June 20, 2021"
,"Oggy Oggy","August 24, 2021"
,Oldsters,"September 1, 2021"
,"Open Your Eyes","August 25, 2021"
,"Penguin Town","June 16, 2021"
,"Pet Stars","April 30, 2021"
,"Plastic Cup Boyz: Laughing My Mask Off!","July 27, 2021"
,"Pokemon Journeys: The Series","March 5, 2021"
,"Pokemon Master Journeys: The Series","September 10, 2021"
,"Post Mortem: No One Dies in Skarnes","August 25, 2021"
,"Pretty Guardian Sailor Moon Eternal The Movie","June 3, 2021"
,"Quarantine Tales","July 1, 2021"
,"Racket Boys","June 2, 2021"
,Ray,"June 25, 2021"
,"Record of Ragnarok","June 17, 2021"
,"Revelations: The Masters of the Universe: Revelation Aftershow","July 23, 2021"
,"Rhyme Time Town","June 15, 2021"
,"RIDE ON TIME","August 27, 2021"
,"Running Man","January 1, 2021"
,"Sailor Moon Crystal","July 1, 2021"
,"Sexy Beasts","July 21, 2021"
,"So Not Worth It","June 18, 2021"
,"Sophie: A Murder in West Cork","June 30, 2021"
,"Squid Game","September 17, 2021"
,"Tattoo Redo","July 28, 2021"
,"Tayo and Little Wizards","September 17, 2021"
,"The Chair","August 20, 2021"
,"The Cook of Castamar","July 9, 2021"
,"The Defeated","August 18, 2021"
,"The Ingenuity of the Househusband","August 29, 2021"
,"The Innocent","April 30, 2021"
,"The Last Bastion","February 25, 2021"
,"The Least Expected Day: Inside the Movistar Team 2019","May 28, 2021"
,"The Mystic River","May 14, 2021"
,"The Parisian Agency: Exclusive Properties","June 23, 2021"
,"The Rational Life","June 18, 2021"
,"The Smart Money Woman","September 16, 2021"
,"The Snitch Cartel: Origins","July 28, 2021"
,"The Unremarkable Juanquini","April 30, 2021"
,"The War Next-door","July 7, 2021"
,"The Wedding Coach","April 7, 2021"
,"The World's Most Amazing Vacation Rentals","September 14, 2021"
,"This Is a Robbery: The World's Biggest Art Heist","April 7, 2021"
,"This Is Pop","June 22, 2021"
,"Thus Spoke Kishibe Rohan","February 18, 2021"
,"Titipo Titipo","September 10, 2021"
,"Titletown High","August 27, 2021"
,"Tobot Galaxy Detectives","September 7, 2021"
,"Too Hot to Handle: Brazil","July 21, 2021"
,"Too Hot To Handle: Latino","September 15, 2021"
,"Top Secret UFO Projects: Declassified","August 3, 2021"
,"Touch Your Heart","July 20, 2021"
,"Transformers: War for Cybertron: Kingdom","July 29, 2021"
,"Trash Truck","May 4, 2021"
,"Turning Point: 9/11 and the War on Terror","September 1, 2021"
,"Use For My Talent","May 12, 2021"
,"Vendetta: Truth, Lies and The Mafia","September 24, 2021"
,"Word of Honor","May 28, 2021"
,Yasuke,"April 29, 2021"
,"You Are My Spring","July 6, 2021"
", South Korea",D.P.,"August 27, 2021"
Argentina,Millennials,"June 16, 2021"
Argentina,"No Time for Shame","June 19, 2021"
Argentina,Okupas,"July 20, 2021"
Argentina,"The Kingdom","August 13, 2021"
Australia,"Dive Club","September 3, 2021"
Australia,"Heroes of Goo Jit Zu","September 2, 2021"
Australia,"Izzy's Koala World","April 20, 2021"
Australia,"Love on the Spectrum","September 21, 2021"
Australia,"Tales by Light","July 6, 2021"
Australia,"Why Are You Like This","June 19, 2021"
"Australia, Germany","Bureau of Magical Things","July 1, 2021"
"Australia, New Zealand","The New Legends of Monkey","July 6, 2021"
"Australia, United Kingdom","Life in Color with David Attenborough","April 22, 2021"
Belgium,"Into the Night","September 8, 2021"
Belgium,"Under Suspicion: Uncovering the Wesphael Case","March 17, 2021"
"Belgium, Netherlands",Undercover,"July 6, 2021"
Brazil,"Invisible City","February 5, 2021"
Canada,Between,"July 6, 2021"
Canada,"Blown Away","January 22, 2021"
Canada,Heartland,"February 1, 2021"
Canada,"Kim's Convenience","July 6, 2021"
Canada,Slasher,"April 14, 2021"
Canada,"Some Assembly Required","July 6, 2021"
Canada,"Workin' Moms","July 6, 2021"
"Canada, United Kingdom, United States","The Cat in the Hat Knows a Lot About That!","January 1, 2021"
"Canada, United States","Black Summer","June 17, 2021"
"Canada, United States","Schitt's Creek","June 19, 2021"
"Canada, United States","The Magic School Bus","May 19, 2021"
"Canada, United States","Wynonna Earp","July 26, 2021"
"Canada, United States, France","Total Drama","February 1, 2021"
China,"Heaven Official's Blessing","April 9, 2021"
China,"The Daily Life of the Immortal King","June 30, 2021"
"China, United Kingdom","Ricky Zoom","April 15, 2021"
Colombia,"Las munecas de la mafia","August 10, 2021"
Colombia,Locombianos,"June 10, 2021"
Colombia,"Newly Rich, Newly Poor","June 6, 2021"
Colombia,"Pablo Escobar, el patron del mal","February 3, 2021"
Denmark,"LEGO Friends: The Power of Friendship","June 11, 2021"
Egypt,"Abla Fahita: Drama Queen","March 15, 2021"
Egypt,"My Way","March 6, 2021"
Finland,"Angry Birds","September 16, 2021"
"Finland, Germany",Deadwind,"June 19, 2021"
France,"Call My Agent!","June 19, 2021"
France,Dealer,"March 10, 2021"
France,"Gone for Good","August 13, 2021"
France,Mortel,"July 2, 2021"
France,"Zig & Sharko","February 1, 2021"
"France, Belgium","Code Lyoko","July 6, 2021"
"France, United Kingdom","PJ Masks","April 19, 2021"
"France, United States",Lupin,"June 11, 2021"
"France, United States","On the Verge","September 7, 2021"
Germany,Biohackers,"July 9, 2021"
Germany,"How to Sell Drugs Online (Fast)","July 27, 2021"
Germany,"The Houseboat","March 9, 2021"
Germany,"Tribes of Europa","February 19, 2021"
Iceland,Katla,"June 17, 2021"
India,"Alma Matters","May 14, 2021"
India,"Bombay Begums","March 8, 2021"
India,"Chhota Bheem","September 16, 2021"
India,Dharmakshetra,"September 15, 2021"
India,"Kota Factory","September 24, 2021"
India,"Lava Ka Dhaava","May 5, 2021"
India,"Mighty Little Bheem: Kite Festival","January 8, 2021"
India,Navarasa,"August 6, 2021"
India,"Pitta Kathalu","February 19, 2021"
India,"Raja Rasoi Aur Anya Kahaniyan","September 15, 2021"
India,"Sab Jholmaal Hai","May 7, 2021"
India,"Stories by Rabindranath Tagore","September 15, 2021"
India,"The Big Day","April 7, 2021"
India,"The Creative Indians","August 15, 2021"
India,"Zindagi in Short","February 22, 2021"
Ireland,Rebellion,"August 27, 2021"
"Ireland, United States, United Kingdom","Puffin Rock","July 6, 2021"
Israel,"Black Space","May 27, 2021"
Israel,Shtisel,"July 6, 2021"
"Israel, United States","Hit & Run","August 6, 2021"
"Israel, United States","The Baker and the Beauty","April 13, 2021"
Italy,"44 Cats","August 1, 2021"
Italy,Summertime,"June 3, 2021"
Italy,"Winx Club","August 15, 2021"
Italy,Zero,"April 21, 2021"
"Italy, United Kingdom","Fate: The Winx Saga","April 14, 2021"
Japan,"Attack on Titan","June 2, 2021"
Japan,"B: The Beginning","March 18, 2021"
Japan,BEASTARS,"July 15, 2021"
Japan,"Creator's File: GOLD","June 3, 2021"
Japan,"Demon Slayer: Kimetsu no Yaiba","January 22, 2021"
Japan,Durarara!!,"April 15, 2021"
Japan,"EDENS ZERO","August 26, 2021"
Japan,"Good Morning Call","July 6, 2021"
Japan,"High-Rise Invasion","April 15, 2021"
Japan,"Hunter X Hunter (2011)","August 1, 2021"
Japan,"JoJo's Bizarre Adventure","May 26, 2021"
Japan,"Kuroko's Basketball","September 1, 2021"
Japan,"Midnight Diner: Tokyo Stories","July 6, 2021"
Japan,"Ouran High School Host Club","June 2, 2021"
Japan,"Pui Pui Molcar","March 25, 2021"
Japan,"Rascal Does Not Dream of Bunny Girl Senpai","August 15, 2021"
Japan,REA(L)OVE,"June 19, 2021"
Japan,"SHAMAN KING","August 9, 2021"
Japan,"Sonic X","April 15, 2021"
Japan,"Terrace House: Opening New Doors","July 6, 2021"
Japan,"The Naked Director","June 24, 2021"
Japan,"The Seven Deadly Sins","June 28, 2021"
Japan,"The Way of the Househusband","April 8, 2021"
Japan,"TIGER & BUNNY","February 28, 2021"
Japan,"Yowamushi Pedal","September 14, 2021"
Japan,Yu-Gi-Oh!,"March 31, 2021"
Jordan,"AlRawabi School for Girls","August 12, 2021"
Lebanon,"Peasants Rebellion","April 15, 2021"
Luxembourg,Capitani,"February 11, 2021"
Mexico,"Control Z","August 4, 2021"
Mexico,"Daughter From Another Mother","January 20, 2021"
Mexico,"El Chema","February 11, 2021"
Mexico,"Falsa identidad","September 22, 2021"
Mexico,"Luis Miguel - The Series","April 19, 2021"
Mexico,Monarca,"January 1, 2021"
Mexico,Somos.,"June 30, 2021"
Mexico,"Who Killed Sara?","May 19, 2021"
"Mexico, United States","Nailed It! Mexico","January 5, 2021"
"Mexico, United States","Selena: The Series","May 4, 2021"
Nigeria,"Castle and Castle","September 15, 2021"
"Norway, Denmark",Ragnarok,"May 27, 2021"
Philippines,"The House Arrest of Us","February 1, 2021"
"Philippines, Singapore, Indonesia",Trese,"June 11, 2021"
Poland,Sexify,"April 28, 2021"
Poland,"The Mire","July 7, 2021"
Russia,Kid-E-Cats,"September 1, 2021"
Russia,Larva,"July 6, 2021"
"South Africa","Blood & Water","September 24, 2021"
"South Korea",Busted!,"January 22, 2021"
"South Korea","Hello, Me!","February 18, 2021"
"South Korea","Her Private Life","July 15, 2021"
"South Korea","Hospital Playlist","June 18, 2021"
"South Korea","Law School","April 14, 2021"
"South Korea","Love (ft. Marriage and Divorce)","June 12, 2021"
"South Korea","Love Alarm","March 12, 2021"
"South Korea","Love Naggers","April 16, 2021"
"South Korea","Men on a Mission","March 23, 2021"
"South Korea",Mine,"May 9, 2021"
"South Korea","Move to Heaven","May 14, 2021"
"South Korea",Navillera,"March 23, 2021"
"South Korea","Pororo - The Little Penguin","September 2, 2021"
"South Korea","Robocar Poli","March 31, 2021"
"South Korea",Signal,"April 14, 2021"
"South Korea",Sisyphus,"February 18, 2021"
"South Korea","Tayo the Little Bus","September 6, 2021"
"South Korea","The Crowned Clown","August 10, 2021"
"South Korea",Vincenzo,"February 21, 2021"
"South Korea","YooHoo to the Rescue","July 6, 2021"
Spain,"Cleo & Cuquin","June 19, 2021"
Spain,Elite,"June 18, 2021"
Spain,Hache,"February 5, 2021"
Spain,"La casa de papel","September 3, 2021"
Spain,"Locked Up","June 19, 2021"
Spain,"Magic for Humans Spain","March 26, 2021"
Spain,"Nevenka: Breaking the Silence","March 5, 2021"
Spain,"Sky Rojo","July 23, 2021"
Spain,"The Idhun Chronicles","January 8, 2021"
Spain,"The Neighbor","May 21, 2021"
Spain,Valeria,"August 13, 2021"
Sweden,"Young Royals","July 1, 2021"
Taiwan,"Autumn's Concerto","August 3, 2021"
Taiwan,"Office Girls","August 3, 2021"
Taiwan,"The Prince Who Turns into a Frog","August 3, 2021"
Taiwan,"Two Fathers","August 3, 2021"
Taiwan,"You're My Destiny","August 3, 2021"
Thailand,"Bangkok Love Stories: Innocence","June 19, 2021"
Thailand,"Girl from Nowhere","July 6, 2021"
Thailand,"Let's Fight Ghost","April 23, 2021"
Thailand,"The Judgement","June 19, 2021"
Thailand,"The Underclass","April 14, 2021"
Turkey,50M2,"January 27, 2021"
Turkey,Fatma,"April 27, 2021"
Turkey,"Resurrection: Ertugrul","September 22, 2021"
Turkey,"The Gift","June 17, 2021"
"United Arab Emirates","The Platform","June 2, 2021"
"United Kingdom","Behind Her Eyes","February 17, 2021"
"United Kingdom","Ben & Holly's Little Kingdom","June 2, 2021"
"United Kingdom",Booba,"February 15, 2021"
"United Kingdom","Booba: Food Puzzle","May 15, 2021"
"United Kingdom",Cuckoo,"July 6, 2021"
"United Kingdom","Derry Girls","July 6, 2021"
"United Kingdom","Downton Abbey","June 2, 2021"
"United Kingdom","Feel Good","June 4, 2021"
"United Kingdom","Formula 1: Drive to Survive","March 19, 2021"
"United Kingdom","Glow Up","July 30, 2021"
"United Kingdom","I AM A KILLER","July 6, 2021"
"United Kingdom","Inside the World?s Toughest Prisons","January 8, 2021"
"United Kingdom","Jack Whitehall: Travels with My Father","September 14, 2021"
"United Kingdom","Last Tango in Halifax","January 12, 2021"
"United Kingdom",Marcella,"July 6, 2021"
"United Kingdom","Murder Maps","April 1, 2021"
"United Kingdom","Nadiya Bakes","February 12, 2021"
"United Kingdom",Numberblocks,"September 15, 2021"
"United Kingdom","Octonauts: Above & Beyond","September 7, 2021"
"United Kingdom","Secrets of Great British Castles","April 1, 2021"
"United Kingdom","Sex Education","September 17, 2021"
"United Kingdom","The A List","July 6, 2021"
"United Kingdom","The Great British Baking Show","September 24, 2021"
"United Kingdom","The Irregulars","March 26, 2021"
"United Kingdom","The One","March 12, 2021"
"United Kingdom","They've Gotta Have Us","June 19, 2021"
"United Kingdom","Zero Chill","March 15, 2021"
"United Kingdom, Germany","The Worst Witch","July 6, 2021"
"United States","30 Rock","August 1, 2021"
"United States","Age of Samurai: Battle for Japan","February 24, 2021"
"United States","All American","July 27, 2021"
"United States","Amend: The Fight for America","February 17, 2021"
"United States","Ask the StoryBots","July 6, 2021"
"United States",Atypical,"July 9, 2021"
"United States","Avengers Climate Conundrum","June 15, 2021"
"United States","Bake Squad","August 11, 2021"
"United States","Big Time Rush","March 26, 2021"
"United States","Black Lightning","June 19, 2021"
"United States","Bling Empire","January 15, 2021"
"United States",BONDING,"January 27, 2021"
"United States","Brand New Cherry Flavor","August 13, 2021"
"United States",Bunk'd,"September 5, 2021"
"United States","Buried by the Bernards","February 12, 2021"
"United States","Canine Intervention","February 24, 2021"
"United States","Carmen Sandiego","January 15, 2021"
"United States",Castlevania,"May 13, 2021"
"United States",Champions,"June 19, 2021"
"United States","Chappelle's Show","February 12, 2021"
"United States",Charmed,"July 31, 2021"
"United States",Chelsea,"July 6, 2021"
"United States","Chicago Med","July 22, 2021"
"United States","City of Ghosts","March 5, 2021"
"United States","Cobra Kai","January 1, 2021"
"United States","Cocaine Cowboys: The Kings of Miami","August 4, 2021"
"United States",Cocomelon,"June 2, 2021"
"United States",Colony,"July 6, 2021"
"United States","Cooking With Paris","August 4, 2021"
"United States","Country Comfort","March 19, 2021"
"United States","Crime Scene: The Vanishing at the Cecil Hotel","February 10, 2021"
"United States","Dad Stop Embarrassing Me!","April 14, 2021"
"United States","Dear White People","September 22, 2021"
"United States","Dirty John","May 31, 2021"
"United States",Disenchantment,"January 15, 2021"
"United States",Dogs,"July 7, 2021"
"United States","DOTA: Dragon's Blood","March 25, 2021"
"United States","Dream Home Makeover","January 1, 2021"
"United States","Droppin' Cash: Los Angeles","June 30, 2021"
"United States",Explained,"July 16, 2021"
"United States","Family Reunion","August 26, 2021"
"United States","Fast & Furious Spy Racers","August 13, 2021"
"United States","Firefly Lane","February 3, 2021"
"United States","Five Came Back: The Reference Films","February 9, 2021"
"United States","Fresh, Fried & Crispy","June 9, 2021"
"United States","Gabby's Dollhouse","August 10, 2021"
"United States","Garth Brooks: The Road I?m On","April 15, 2021"
"United States","Gilmore Girls","April 15, 2021"
"United States","Ginny & Georgia","February 24, 2021"
"United States",Glee,"June 19, 2021"
"United States","Go! Go! Cory Carson","August 18, 2021"
"United States","Good Girls","February 16, 2021"
"United States","Grace and Frankie","August 13, 2021"
"United States","Grey's Anatomy","July 3, 2021"
"United States",Halston,"May 14, 2021"
"United States","Hap and Leonard","June 19, 2021"
"United States","Happy Endings","June 2, 2021"
"United States","He-Man and the Masters of the Universe","September 16, 2021"
"United States","Headspace Guide to Meditation","January 1, 2021"
"United States","Hello Ninja","January 19, 2021"
"United States","Henry Danger","January 15, 2021"
"United States","History of Swear Words","January 5, 2021"
"United States","House of Cards","April 14, 2021"
"United States","I Think You Should Leave with Tim Robinson","July 6, 2021"
"United States",ICarly,"February 8, 2021"
"United States","Jeffrey Epstein: Filthy Rich","April 14, 2021"
"United States","Jenni Rivera: Mariposa de Barrio","January 1, 2021"
"United States","Jupiter's Legacy","May 7, 2021"
"United States","Jurassic World Camp Cretaceous","May 21, 2021"
"United States","Kid Cosmic","September 7, 2021"
"United States","L.A.?s Finest","June 9, 2021"
"United States","Living with Yourself","April 14, 2021"
"United States","Love Daily","February 1, 2021"
"United States","Love, Death & Robots","May 14, 2021"
"United States",Lucifer,"September 10, 2021"
"United States","Major Dad","September 1, 2021"
"United States",Manifest,"August 21, 2021"
"United States","Master of None","May 23, 2021"
"United States",MeatEater,"February 17, 2021"
"United States","Metallica: Some Kind of Monster","June 13, 2021"
"United States","Money, Explained","May 11, 2021"
"United States","Mother Goose Club","August 16, 2021"
"United States","Murder Among the Mormons","March 3, 2021"
"United States","My Dead Ex","February 1, 2021"
"United States","Nailed It","September 15, 2021"
"United States","Never Have I Ever","July 15, 2021"
"United States","Next in Fashion","April 15, 2021"
"United States","Nicky, Ricky, Dicky & Dawn","April 12, 2021"
"United States","Night Stalker: The Hunt for a Serial Killer","January 13, 2021"
"United States","Orange Is the New Black","July 6, 2021"
"United States","Outer Banks","July 30, 2021"
"United States",Outlander,"January 27, 2021"
"United States","Paradise PD","March 12, 2021"
"United States",Pose,"June 19, 2021"
"United States","Power Rangers Dino Fury","June 15, 2021"
"United States","Power Rangers Ninja Steel","February 3, 2021"
"United States","Prank Encounters","April 1, 2021"
"United States","Pretend It?s a City","January 8, 2021"
"United States",Q-Force,"September 2, 2021"
"United States","QB1: Beyond the Lights","January 4, 2021"
"United States","Rainbow High","March 30, 2021"
"United States","Rainbow Rangers","July 1, 2021"
"United States","Richie Rich","July 6, 2021"
"United States","Ridley Jones","July 13, 2021"
"United States",Riverdale,"June 19, 2021"
"United States","Saved by the Bell","September 15, 2021"
"United States",Scream,"July 6, 2021"
"United States",Sex/Life,"June 25, 2021"
"United States","Shadow and Bone","April 23, 2021"
"United States","Sparking Joy","August 31, 2021"
"United States",Special,"May 20, 2021"
"United States",Spycraft,"January 20, 2021"
"United States",StarBeam,"June 29, 2021"
"United States",StartUp,"May 4, 2021"
"United States","Surviving Death","January 6, 2021"
"United States","Sweet Tooth","June 4, 2021"
"United States","The American Bible Challenge","June 15, 2021"
"United States","The Assassination of Gianni Versace","June 19, 2021"
"United States","The Crew","February 15, 2021"
"United States","The Flash","July 28, 2021"
"United States","The Haunted Hathaways","January 1, 2021"
"United States","The Kominsky Method","May 28, 2021"
"United States","The Last Dance","June 19, 2021"
"United States","The Mole","June 21, 2021"
"United States","The Movies That Made Us","July 23, 2021"
"United States","The Netflix Afterparty","January 2, 2021"
"United States","The Sinner","February 6, 2021"
"United States","The Sons of Sam: A Descent into Darkness","May 5, 2021"
"United States","The Unsettling","February 1, 2021"
"United States","The Upshaws","May 12, 2021"
"United States","The Walking Dead","July 26, 2021"
"United States","Tiffany Haddish Presents: They Ready","February 2, 2021"
"United States","Too Hot to Handle","June 23, 2021"
"United States","Two Sentence Horror Stories","February 24, 2021"
"United States","Unnatural Selection","April 14, 2021"
"United States","Virgin River","July 9, 2021"
"United States","Waffles + Mochi","March 16, 2021"
"United States","We Are: The Brooklyn Saints","January 29, 2021"
"United States","We the People","July 4, 2021"
"United States","Wheel of Fortune","August 25, 2021"
"United States","Word Party","March 2, 2021"
"United States","Worn Stories","April 1, 2021"
"United States","Zac and Mia","February 1, 2021"
"United States, Australia","Pacific Rim: The Black","March 4, 2021"
"United States, Brazil, Japan, Spain, India","My Love: Six Stories of True Love","April 13, 2021"
"United States, Canada","Johnny Test","July 16, 2021"
"United States, Canada","Mighty Express","July 27, 2021"
"United States, Canada","My Little Pony: Friendship Is Magic","July 6, 2021"
"United States, Canada","The Adventures of Sonic the Hedgehog","June 2, 2021"
"United States, Canada","The Magicians","January 15, 2021"
"United States, Colombia","El final del paraiso","February 25, 2021"
"United States, Colombia","Sin senos si hay paraiso","February 25, 2021"
"United States, Czech Republic",Haunted,"May 14, 2021"
"United States, France","Power Players","April 15, 2021"
"United States, India","Indian Matchmaking","April 14, 2021"
"United States, Japan","Mighty Morphin Power Rangers","March 20, 2021"
"United States, Japan","RESIDENT EVIL: Infinite Darkness","July 8, 2021"
"United States, Mexico","Haunted: Latin America","March 31, 2021"
"United States, Singapore",Sharkdog,"September 3, 2021"
"United States, United Kingdom","Go Dog Go","January 26, 2021"
"United States, United Kingdom","The Circle","September 8, 2021"
"United States, United Kingdom","The Lost Pirate Kingdom","March 15, 2021"
"Uruguay, Germany","Magical Andes","April 1, 2021"
